sensor_id,timestamp,temperature,humidity,location,sensor_type
1031,2025-04-09 23:51:05,33.33,34.37,BuildingB_Floor1,TypeA
1004,2025-04-08 15:26:34,19.6,47.24,BuildingB_Floor1,TypeC
1013,2025-04-06 02:43:45,25.28,30.32,BuildingB_Floor1,TypeB
1080,2025-04-10 01:33:43,17.5,59.01,BuildingA_Floor1,TypeA
1081,2025-04-07 03:15:29,28.74,48.76,BuildingA_Floor1,TypeA
1022,2025-04-10 13:59:43,31.88,43.97,BuildingB_Floor2,TypeA
1040,2025-04-09 11:45:47,18.59,55.32,BuildingA_Floor2,TypeA
1096,2025-04-10 00:49:29,29.86,65.21,BuildingB_Floor1,TypeB
1054,2025-04-05 20:20:08,22.07,64.61,BuildingA_Floor2,TypeC
1069,2025-04-07 14:46:41,24.22,33.01,BuildingB_Floor2,TypeA
1046,2025-04-07 08:40:10,31.46,69.32,BuildingA_Floor2,TypeB
1035,2025-04-05 22:52:13,27.8,55.6,BuildingB_Floor1,TypeA
1003,2025-04-07 07:12:47,21.62,68.63,BuildingA_Floor1,TypeB
1083,2025-04-08 06:44:09,23.92,30.28,BuildingB_Floor1,TypeC
1034,2025-04-06 01:34:45,25.07,45.08,BuildingA_Floor1,TypeC
1064,2025-04-10 02:54:45,16.26,73.72,BuildingA_Floor2,TypeA
1074,2025-04-06 09:31:19,34.32,55.94,BuildingA_Floor2,TypeA
1076,2025-04-09 10:32:56,17.48,62.49,BuildingA_Floor2,TypeC
1069,2025-04-06 14:11:14,22.43,73.19,BuildingB_Floor2,TypeC
1011,2025-04-08 00:03:17,30.46,76.28,BuildingA_Floor1,TypeB
1060,2025-04-05 21:47:33,23.1,53.44,BuildingA_Floor1,TypeA
1099,2025-04-10 01:17:41,30.8,60.35,BuildingB_Floor1,TypeC
1056,2025-04-10 15:35:45,31.78,43.18,BuildingB_Floor2,TypeA
1016,2025-04-06 14:39:19,18.98,79.07,BuildingA_Floor2,TypeA
1028,2025-04-09 09:25:40,16.65,65.16,BuildingA_Floor1,TypeB
1052,2025-04-10 04:02:05,26.51,43.68,BuildingB_Floor2,TypeB
1002,2025-04-06 20:21:33,16.42,59.44,BuildingB_Floor1,TypeB
1006,2025-04-07 05:02:18,33.06,58.64,BuildingB_Floor1,TypeA
1008,2025-04-06 16:01:29,24.28,73.03,BuildingB_Floor1,TypeC
1051,2025-04-08 21:19:42,26.62,68.99,BuildingA_Floor2,TypeB
1018,2025-04-06 15:32:49,18.69,55.38,BuildingA_Floor2,TypeA
1060,2025-04-09 11:29:18,32.24,34.02,BuildingA_Floor1,TypeA
1030,2025-04-09 23:09:50,23.32,79.21,BuildingB_Floor1,TypeB
1055,2025-04-07 06:22:02,31.34,61.18,BuildingB_Floor1,TypeA
1063,2025-04-06 19:21:15,19.64,38.43,BuildingB_Floor2,TypeB
1049,2025-04-07 11:26:26,21.69,63.98,BuildingA_Floor1,TypeC
1056,2025-04-07 06:12:01,19.74,75.49,BuildingB_Floor1,TypeC
1083,2025-04-09 23:12:42,18.78,36.87,BuildingA_Floor2,TypeA
1003,2025-04-06 02:54:36,27.67,52.09,BuildingB_Floor2,TypeA
1002,2025-04-10 12:09:15,25.8,33.24,BuildingB_Floor2,TypeA
1001,2025-04-10 10:42:16,32.47,59.69,BuildingA_Floor1,TypeA
1094,2025-04-09 08:29:41,21.58,74.36,BuildingA_Floor1,TypeA
1000,2025-04-09 13:41:40,18.97,32.81,BuildingA_Floor2,TypeA
1080,2025-04-09 12:44:48,32.07,58.28,BuildingB_Floor2,TypeB
1043,2025-04-06 16:55:00,29.35,49.41,BuildingA_Floor2,TypeC
1083,2025-04-07 01:06:51,27.36,70.34,BuildingA_Floor2,TypeA
1081,2025-04-06 11:47:28,34.84,77.78,BuildingA_Floor2,TypeA
1072,2025-04-09 07:20:00,18.98,50.97,BuildingB_Floor2,TypeB
1047,2025-04-06 23:04:11,28.02,35.01,BuildingA_Floor1,TypeB
1051,2025-04-06 04:23:44,26.29,68.65,BuildingA_Floor2,TypeA
1041,2025-04-05 19:11:37,25.94,32.06,BuildingB_Floor2,TypeA
1096,2025-04-08 14:07:48,19.02,30.75,BuildingA_Floor1,TypeB
1058,2025-04-08 13:13:07,21.45,61.9,BuildingB_Floor1,TypeC
1064,2025-04-10 00:57:47,24.82,54.15,BuildingB_Floor2,TypeC
1054,2025-04-08 04:44:49,25.46,67.11,BuildingB_Floor1,TypeC
1094,2025-04-08 12:39:55,22.62,63.75,BuildingB_Floor1,TypeB
1073,2025-04-08 01:18:05,33.43,60.65,BuildingB_Floor2,TypeC
1081,2025-04-08 21:48:21,17.22,50.58,BuildingB_Floor1,TypeB
1048,2025-04-09 22:43:57,17.66,60.63,BuildingA_Floor1,TypeC
1016,2025-04-06 01:49:38,26.86,31.76,BuildingA_Floor2,TypeC
1100,2025-04-07 19:40:46,20.15,75.23,BuildingA_Floor1,TypeA
1016,2025-04-10 09:17:56,27.37,60.31,BuildingB_Floor2,TypeA
1020,2025-04-07 16:18:01,30.32,31.81,BuildingA_Floor1,TypeB
1033,2025-04-10 07:31:27,20.94,55.95,BuildingB_Floor1,TypeB
1069,2025-04-09 09:28:03,17.27,51.59,BuildingA_Floor2,TypeC
1031,2025-04-09 07:58:50,27.54,30.86,BuildingB_Floor2,TypeA
1060,2025-04-08 05:44:44,18.46,71.19,BuildingB_Floor1,TypeA
1013,2025-04-08 01:50:34,32.61,41.4,BuildingA_Floor2,TypeB
1099,2025-04-08 07:41:59,31.39,37.22,BuildingA_Floor1,TypeA
1025,2025-04-05 23:16:34,19.8,44.73,BuildingB_Floor1,TypeA
1029,2025-04-10 09:32:23,19.55,50.45,BuildingB_Floor2,TypeB
1014,2025-04-09 14:17:54,26.82,58.91,BuildingB_Floor2,TypeA
1038,2025-04-06 06:45:02,27.17,36.14,BuildingA_Floor1,TypeA
1063,2025-04-10 04:16:08,19.37,33.68,BuildingB_Floor2,TypeB
1010,2025-04-07 17:33:47,30.05,57.51,BuildingB_Floor2,TypeB
1064,2025-04-10 12:46:28,20.11,56.26,BuildingB_Floor1,TypeC
1047,2025-04-09 15:31:52,33.59,52.68,BuildingB_Floor1,TypeB
1085,2025-04-07 04:46:27,33.27,78.89,BuildingB_Floor1,TypeB
1083,2025-04-09 00:46:03,33.84,32.13,BuildingB_Floor2,TypeA
1060,2025-04-07 14:30:31,25.17,79.17,BuildingB_Floor2,TypeC
1016,2025-04-07 16:25:53,22.2,62.68,BuildingA_Floor2,TypeC
1047,2025-04-08 07:37:43,23.03,37.9,BuildingA_Floor2,TypeC
1097,2025-04-06 18:29:29,27.74,53.49,BuildingB_Floor1,TypeB
1033,2025-04-07 00:54:56,27.4,43.25,BuildingB_Floor2,TypeC
1033,2025-04-10 08:59:33,32.07,37.96,BuildingB_Floor2,TypeB
1087,2025-04-10 04:37:29,15.59,58.09,BuildingB_Floor1,TypeC
1045,2025-04-06 18:59:31,18.95,36.45,BuildingA_Floor1,TypeC
1100,2025-04-08 18:09:11,33.68,56.02,BuildingB_Floor1,TypeA
1074,2025-04-06 04:19:42,21.04,61.4,BuildingA_Floor2,TypeB
1043,2025-04-07 21:24:43,17.03,61.98,BuildingA_Floor1,TypeC
1089,2025-04-07 20:20:16,20.95,72.17,BuildingB_Floor1,TypeB
1052,2025-04-06 10:40:29,29.68,54.32,BuildingA_Floor2,TypeB
1066,2025-04-09 15:28:02,16.42,35.73,BuildingA_Floor1,TypeA
1047,2025-04-09 23:24:22,30.68,75.86,BuildingB_Floor2,TypeC
1005,2025-04-07 09:07:08,16.24,47.84,BuildingB_Floor1,TypeB
1088,2025-04-05 22:21:39,22.68,65.2,BuildingB_Floor1,TypeB
1036,2025-04-08 01:33:54,15.54,43.75,BuildingA_Floor1,TypeC
1041,2025-04-06 23:54:11,21.28,60.98,BuildingB_Floor1,TypeC
1013,2025-04-07 09:00:27,29.06,69.38,BuildingA_Floor2,TypeA
1029,2025-04-08 13:02:30,19.2,33.83,BuildingA_Floor1,TypeA
1029,2025-04-10 14:56:37,27.85,66.49,BuildingB_Floor2,TypeB
1100,2025-04-05 22:39:36,24.32,42.71,BuildingB_Floor2,TypeC
1035,2025-04-09 17:09:41,27.27,61.27,BuildingA_Floor2,TypeC
1049,2025-04-07 02:22:13,30.77,39.91,BuildingB_Floor1,TypeB
1021,2025-04-08 04:01:06,16.68,77.4,BuildingB_Floor1,TypeA
1026,2025-04-08 18:38:48,17.28,38.24,BuildingB_Floor1,TypeC
1061,2025-04-09 23:28:50,21.72,46.83,BuildingB_Floor2,TypeC
1084,2025-04-08 04:15:11,20.4,72.22,BuildingB_Floor2,TypeA
1049,2025-04-10 02:24:48,33.32,55.78,BuildingA_Floor2,TypeB
1001,2025-04-09 09:48:52,29.26,41.88,BuildingB_Floor2,TypeC
1063,2025-04-07 20:47:19,25.83,37.62,BuildingA_Floor1,TypeB
1091,2025-04-09 08:32:52,32.2,69.52,BuildingA_Floor1,TypeB
1045,2025-04-07 03:32:57,23.93,56.72,BuildingB_Floor1,TypeC
1027,2025-04-09 05:43:26,31.02,74.73,BuildingB_Floor1,TypeA
1090,2025-04-08 11:16:55,32.78,75.94,BuildingB_Floor2,TypeA
1073,2025-04-09 15:58:50,32.65,50.69,BuildingB_Floor1,TypeC
1083,2025-04-10 00:14:17,26.12,36.77,BuildingA_Floor2,TypeA
1046,2025-04-10 14:18:47,25.48,36.59,BuildingA_Floor1,TypeA
1000,2025-04-08 00:42:33,25.37,61.09,BuildingA_Floor1,TypeA
1100,2025-04-06 05:31:27,28.07,71.98,BuildingB_Floor2,TypeC
1050,2025-04-06 23:33:42,19.77,59.0,BuildingB_Floor2,TypeB
1093,2025-04-10 01:32:02,20.23,57.52,BuildingB_Floor2,TypeC
1033,2025-04-07 15:16:53,33.87,45.97,BuildingA_Floor2,TypeB
1061,2025-04-06 02:41:58,29.99,66.75,BuildingB_Floor2,TypeB
1066,2025-04-06 11:49:27,33.67,78.69,BuildingA_Floor1,TypeC
1057,2025-04-07 23:01:13,29.63,66.94,BuildingA_Floor2,TypeC
1074,2025-04-09 20:32:43,21.06,67.44,BuildingB_Floor1,TypeB
1034,2025-04-09 00:17:54,24.12,77.6,BuildingA_Floor2,TypeC
1010,2025-04-05 19:55:20,31.03,52.02,BuildingA_Floor2,TypeA
1070,2025-04-09 09:59:13,29.1,30.95,BuildingB_Floor1,TypeA
1005,2025-04-08 13:51:48,16.23,67.27,BuildingA_Floor2,TypeC
1002,2025-04-09 08:43:07,34.55,31.94,BuildingB_Floor1,TypeB
1098,2025-04-09 21:28:35,22.86,48.64,BuildingB_Floor1,TypeC
1069,2025-04-09 13:23:40,21.6,78.57,BuildingB_Floor2,TypeC
1031,2025-04-08 20:24:40,19.94,51.12,BuildingB_Floor2,TypeA
1003,2025-04-08 12:30:00,34.08,64.27,BuildingA_Floor1,TypeB
1028,2025-04-08 06:18:09,24.13,56.82,BuildingB_Floor1,TypeA
1094,2025-04-06 07:36:37,21.15,49.63,BuildingB_Floor1,TypeA
1023,2025-04-07 02:39:01,17.62,59.92,BuildingB_Floor1,TypeB
1090,2025-04-05 19:22:05,33.29,35.71,BuildingA_Floor1,TypeB
1083,2025-04-07 05:02:44,23.25,54.07,BuildingB_Floor1,TypeB
1098,2025-04-10 01:14:19,23.85,31.18,BuildingB_Floor1,TypeB
1017,2025-04-08 11:47:29,30.97,68.7,BuildingB_Floor1,TypeB
1040,2025-04-07 06:38:35,25.24,60.4,BuildingB_Floor2,TypeA
1042,2025-04-07 18:44:32,32.72,36.38,BuildingA_Floor2,TypeC
1049,2025-04-06 19:19:16,20.06,40.31,BuildingA_Floor2,TypeC
1000,2025-04-08 03:50:50,34.21,51.27,BuildingB_Floor1,TypeA
1061,2025-04-08 00:46:34,23.27,39.45,BuildingA_Floor2,TypeA
1067,2025-04-08 22:07:18,23.9,79.27,BuildingB_Floor2,TypeB
1039,2025-04-09 11:13:35,23.54,46.94,BuildingA_Floor1,TypeC
1008,2025-04-07 02:42:41,15.95,72.26,BuildingB_Floor2,TypeA
1061,2025-04-09 17:26:17,32.8,60.92,BuildingB_Floor1,TypeC
1077,2025-04-07 22:32:27,33.02,71.29,BuildingA_Floor1,TypeA
1022,2025-04-06 10:48:25,22.36,71.28,BuildingA_Floor1,TypeC
1089,2025-04-07 02:59:25,21.82,62.07,BuildingA_Floor1,TypeA
1088,2025-04-09 15:36:14,17.65,56.8,BuildingA_Floor2,TypeB
1094,2025-04-10 13:42:28,18.45,45.36,BuildingB_Floor1,TypeB
1050,2025-04-08 19:41:46,25.92,49.63,BuildingB_Floor2,TypeA
1075,2025-04-09 09:08:55,28.32,59.18,BuildingA_Floor1,TypeC
1002,2025-04-06 03:07:12,33.51,31.56,BuildingA_Floor1,TypeA
1014,2025-04-09 00:27:35,27.6,37.44,BuildingA_Floor2,TypeB
1081,2025-04-08 07:25:14,20.58,75.24,BuildingA_Floor2,TypeA
1097,2025-04-07 20:00:15,16.41,61.03,BuildingA_Floor1,TypeB
1021,2025-04-09 18:50:26,29.23,66.49,BuildingB_Floor2,TypeA
1069,2025-04-06 12:27:48,16.52,33.47,BuildingA_Floor1,TypeC
1016,2025-04-06 02:03:17,21.68,41.84,BuildingA_Floor1,TypeB
1035,2025-04-08 14:57:43,18.91,65.09,BuildingA_Floor2,TypeA
1081,2025-04-08 12:18:42,16.8,65.43,BuildingA_Floor2,TypeA
1048,2025-04-08 07:22:52,21.62,41.86,BuildingA_Floor2,TypeA
1015,2025-04-08 14:08:41,22.99,43.34,BuildingA_Floor1,TypeA
1027,2025-04-07 04:17:26,20.0,38.84,BuildingA_Floor2,TypeC
1053,2025-04-09 12:02:10,31.69,50.98,BuildingA_Floor1,TypeB
1057,2025-04-10 12:30:43,16.53,55.84,BuildingB_Floor1,TypeA
1056,2025-04-10 10:14:00,20.34,67.17,BuildingB_Floor2,TypeC
1020,2025-04-06 15:41:41,25.15,44.13,BuildingB_Floor2,TypeC
1056,2025-04-08 19:35:06,21.9,72.98,BuildingB_Floor2,TypeA
1063,2025-04-08 03:43:54,27.36,31.37,BuildingB_Floor2,TypeA
1029,2025-04-09 21:31:00,27.62,61.99,BuildingA_Floor1,TypeC
1014,2025-04-08 07:00:49,18.18,46.12,BuildingA_Floor1,TypeB
1008,2025-04-06 08:23:21,32.08,47.74,BuildingB_Floor2,TypeA
1079,2025-04-07 06:41:16,33.43,66.07,BuildingB_Floor1,TypeC
1006,2025-04-07 21:52:52,34.61,44.38,BuildingB_Floor2,TypeC
1017,2025-04-10 06:19:47,15.79,48.77,BuildingA_Floor1,TypeB
1010,2025-04-09 01:30:06,15.73,32.85,BuildingA_Floor1,TypeC
1013,2025-04-09 06:43:02,19.32,43.4,BuildingA_Floor2,TypeA
1026,2025-04-07 14:10:39,30.05,53.59,BuildingB_Floor1,TypeC
1030,2025-04-06 18:56:45,34.89,46.74,BuildingB_Floor1,TypeB
1062,2025-04-08 05:05:00,28.93,42.88,BuildingB_Floor2,TypeB
1037,2025-04-05 16:47:24,31.65,74.79,BuildingB_Floor1,TypeB
1040,2025-04-09 19:20:30,31.35,31.51,BuildingB_Floor2,TypeA
1031,2025-04-08 00:20:40,24.99,37.43,BuildingB_Floor2,TypeA
1098,2025-04-06 13:25:27,29.77,52.54,BuildingA_Floor1,TypeA
1041,2025-04-06 18:25:59,31.16,50.87,BuildingA_Floor1,TypeB
1006,2025-04-09 18:57:00,25.71,43.66,BuildingA_Floor2,TypeA
1050,2025-04-09 21:09:11,19.67,45.94,BuildingA_Floor2,TypeA
1089,2025-04-09 10:14:27,21.02,62.37,BuildingA_Floor2,TypeC
1040,2025-04-09 09:07:44,21.86,62.68,BuildingA_Floor1,TypeA
1066,2025-04-09 14:58:23,34.22,43.19,BuildingA_Floor2,TypeA
1048,2025-04-10 12:16:18,20.81,32.52,BuildingA_Floor1,TypeC
1031,2025-04-09 09:00:28,33.68,75.05,BuildingB_Floor1,TypeC
1055,2025-04-05 18:37:06,18.91,74.36,BuildingB_Floor1,TypeB
1077,2025-04-06 11:18:02,34.85,43.97,BuildingB_Floor1,TypeA
1075,2025-04-10 12:25:42,30.67,33.52,BuildingB_Floor2,TypeA
1080,2025-04-06 21:33:24,32.68,40.81,BuildingB_Floor1,TypeA
1009,2025-04-06 14:09:57,34.54,39.75,BuildingB_Floor2,TypeA
1017,2025-04-10 13:12:11,33.36,44.4,BuildingA_Floor2,TypeB
1082,2025-04-06 22:20:10,33.3,53.88,BuildingB_Floor2,TypeC
1005,2025-04-09 05:36:33,34.35,79.19,BuildingA_Floor1,TypeB
1078,2025-04-06 10:07:26,25.38,74.59,BuildingB_Floor1,TypeA
1073,2025-04-08 16:48:46,22.48,73.24,BuildingA_Floor1,TypeC
1039,2025-04-09 14:11:22,32.83,54.21,BuildingB_Floor1,TypeA
1020,2025-04-07 08:27:17,29.99,74.18,BuildingA_Floor2,TypeB
1085,2025-04-06 20:43:44,16.82,40.59,BuildingB_Floor2,TypeC
1032,2025-04-06 07:56:10,26.68,42.94,BuildingA_Floor1,TypeB
1018,2025-04-10 04:34:38,34.42,63.21,BuildingB_Floor2,TypeA
1097,2025-04-06 02:19:45,31.65,78.98,BuildingA_Floor1,TypeC
1073,2025-04-07 08:53:09,20.84,41.66,BuildingA_Floor1,TypeA
1007,2025-04-06 17:48:58,19.66,33.87,BuildingA_Floor1,TypeC
1050,2025-04-07 08:01:09,20.0,75.01,BuildingB_Floor2,TypeC
1050,2025-04-07 22:15:53,33.7,38.98,BuildingB_Floor1,TypeA
1086,2025-04-06 05:08:07,25.46,50.19,BuildingB_Floor2,TypeA
1083,2025-04-10 07:40:42,27.18,49.65,BuildingA_Floor1,TypeA
1081,2025-04-06 19:58:02,23.66,72.32,BuildingB_Floor1,TypeC
1046,2025-04-10 14:40:45,25.78,36.9,BuildingB_Floor2,TypeA
1010,2025-04-07 08:59:27,15.6,42.05,BuildingA_Floor2,TypeB
1094,2025-04-09 08:33:48,29.77,65.01,BuildingB_Floor2,TypeA
1030,2025-04-06 22:28:02,30.58,77.77,BuildingA_Floor1,TypeA
1036,2025-04-07 09:23:58,18.26,65.41,BuildingB_Floor1,TypeA
1056,2025-04-06 14:56:49,30.97,33.77,BuildingB_Floor1,TypeB
1016,2025-04-06 19:04:21,27.1,64.72,BuildingA_Floor1,TypeC
1065,2025-04-09 02:50:12,24.58,36.59,BuildingB_Floor1,TypeB
1058,2025-04-08 18:38:29,29.01,53.7,BuildingA_Floor1,TypeA
1001,2025-04-07 00:29:15,29.48,56.69,BuildingB_Floor1,TypeA
1067,2025-04-10 10:50:02,29.28,31.26,BuildingB_Floor1,TypeB
1064,2025-04-06 15:28:18,19.91,52.63,BuildingB_Floor2,TypeA
1084,2025-04-08 17:25:46,22.74,51.1,BuildingA_Floor2,TypeC
1039,2025-04-06 09:28:55,15.5,63.71,BuildingB_Floor1,TypeC
1093,2025-04-06 19:41:42,24.49,53.45,BuildingA_Floor2,TypeA
1056,2025-04-06 17:09:20,27.76,50.02,BuildingB_Floor2,TypeC
1065,2025-04-05 23:09:51,28.13,35.94,BuildingA_Floor1,TypeB
1020,2025-04-07 22:20:27,22.19,78.27,BuildingA_Floor2,TypeC
1059,2025-04-06 14:01:17,27.81,32.43,BuildingA_Floor1,TypeC
1004,2025-04-09 05:37:30,26.97,61.15,BuildingB_Floor2,TypeC
1090,2025-04-09 03:31:54,25.75,50.68,BuildingB_Floor1,TypeC
1053,2025-04-07 00:16:22,19.78,41.3,BuildingA_Floor1,TypeC
1074,2025-04-08 18:06:00,19.74,56.29,BuildingB_Floor2,TypeB
1098,2025-04-05 16:22:28,26.93,66.47,BuildingB_Floor1,TypeA
1031,2025-04-10 02:09:33,22.38,35.74,BuildingA_Floor1,TypeA
1008,2025-04-08 08:02:10,16.81,36.51,BuildingB_Floor2,TypeB
1011,2025-04-08 17:57:25,29.68,68.85,BuildingB_Floor2,TypeC
1013,2025-04-08 13:49:34,23.22,45.23,BuildingA_Floor2,TypeA
1077,2025-04-09 16:26:38,15.42,53.21,BuildingB_Floor2,TypeB
1057,2025-04-09 04:19:12,33.96,64.34,BuildingB_Floor2,TypeB
1016,2025-04-08 12:22:25,33.84,31.92,BuildingB_Floor2,TypeC
1044,2025-04-06 09:53:23,18.61,34.22,BuildingB_Floor2,TypeB
1044,2025-04-07 03:13:21,30.65,39.9,BuildingB_Floor2,TypeB
1087,2025-04-08 17:53:55,16.8,61.27,BuildingA_Floor2,TypeC
1083,2025-04-06 01:45:50,28.71,34.97,BuildingA_Floor2,TypeA
1005,2025-04-08 21:34:25,15.2,39.2,BuildingA_Floor1,TypeC
1016,2025-04-09 10:48:24,28.23,77.01,BuildingB_Floor1,TypeB
1079,2025-04-07 15:00:55,17.92,53.67,BuildingA_Floor1,TypeA
1090,2025-04-09 12:08:44,22.35,64.98,BuildingA_Floor2,TypeA
1018,2025-04-08 17:17:54,18.38,52.88,BuildingA_Floor2,TypeB
1059,2025-04-09 03:10:40,15.54,51.59,BuildingB_Floor2,TypeA
1055,2025-04-09 16:22:37,19.68,37.25,BuildingB_Floor1,TypeA
1034,2025-04-06 21:45:05,27.31,73.11,BuildingB_Floor1,TypeC
1061,2025-04-08 05:52:11,31.92,44.89,BuildingB_Floor1,TypeB
1044,2025-04-07 00:36:26,17.46,31.89,BuildingB_Floor2,TypeA
1018,2025-04-06 02:28:56,34.44,73.5,BuildingA_Floor2,TypeC
1051,2025-04-07 16:27:18,33.27,54.36,BuildingA_Floor1,TypeC
1061,2025-04-07 10:21:19,25.09,33.56,BuildingB_Floor2,TypeB
1070,2025-04-09 10:37:49,33.69,71.73,BuildingA_Floor1,TypeC
1072,2025-04-10 08:20:16,26.22,69.44,BuildingB_Floor1,TypeC
1003,2025-04-09 05:05:25,18.05,32.34,BuildingB_Floor2,TypeA
1041,2025-04-09 03:25:47,20.29,51.92,BuildingB_Floor2,TypeC
1028,2025-04-09 17:56:52,22.15,31.85,BuildingA_Floor2,TypeC
1041,2025-04-09 23:24:47,31.66,50.24,BuildingB_Floor2,TypeB
1033,2025-04-09 20:43:57,31.66,63.25,BuildingA_Floor2,TypeA
1024,2025-04-05 22:20:13,20.64,31.56,BuildingA_Floor1,TypeA
1068,2025-04-06 11:48:48,20.91,30.6,BuildingA_Floor2,TypeB
1056,2025-04-07 21:51:34,21.79,30.56,BuildingA_Floor1,TypeC
1066,2025-04-07 22:51:05,28.25,50.06,BuildingA_Floor1,TypeC
1092,2025-04-06 22:13:13,34.08,47.57,BuildingB_Floor1,TypeA
1075,2025-04-07 05:29:48,15.92,40.3,BuildingB_Floor2,TypeC
1077,2025-04-08 06:03:17,32.52,75.04,BuildingB_Floor1,TypeB
1032,2025-04-07 04:50:15,31.67,30.15,BuildingA_Floor2,TypeB
1083,2025-04-05 23:25:56,20.4,38.08,BuildingA_Floor2,TypeB
1071,2025-04-10 01:30:53,28.4,79.13,BuildingA_Floor1,TypeB
1023,2025-04-10 05:38:49,15.27,37.47,BuildingA_Floor2,TypeC
1051,2025-04-05 21:30:27,31.32,40.69,BuildingA_Floor2,TypeA
1073,2025-04-09 17:23:53,22.11,48.45,BuildingA_Floor2,TypeC
1006,2025-04-09 01:22:12,15.16,65.19,BuildingB_Floor2,TypeB
1048,2025-04-05 17:37:23,19.72,78.45,BuildingB_Floor1,TypeA
1071,2025-04-10 09:00:52,25.93,54.73,BuildingB_Floor2,TypeB
1009,2025-04-07 09:26:47,24.46,42.4,BuildingA_Floor2,TypeC
1006,2025-04-08 08:24:05,15.64,74.28,BuildingB_Floor1,TypeB
1067,2025-04-05 17:41:00,24.39,33.43,BuildingB_Floor2,TypeB
1061,2025-04-06 12:58:52,27.85,67.6,BuildingB_Floor2,TypeB
1005,2025-04-08 02:50:56,27.0,71.58,BuildingA_Floor1,TypeC
1060,2025-04-10 09:35:36,30.56,55.57,BuildingB_Floor1,TypeC
1007,2025-04-09 16:54:13,31.33,53.19,BuildingB_Floor1,TypeC
1081,2025-04-06 07:32:35,17.65,52.49,BuildingB_Floor2,TypeC
1082,2025-04-10 07:52:48,27.89,36.33,BuildingB_Floor2,TypeA
1008,2025-04-07 02:48:09,17.41,38.24,BuildingA_Floor2,TypeA
1038,2025-04-09 04:06:36,23.1,71.6,BuildingA_Floor2,TypeC
1077,2025-04-05 23:57:02,27.1,78.5,BuildingA_Floor1,TypeB
1080,2025-04-06 12:27:05,22.98,72.37,BuildingA_Floor2,TypeA
1070,2025-04-10 15:34:33,29.82,57.39,BuildingB_Floor2,TypeC
1052,2025-04-06 00:01:22,30.19,68.88,BuildingA_Floor2,TypeB
1098,2025-04-06 15:32:13,17.15,68.82,BuildingA_Floor2,TypeB
1055,2025-04-10 01:25:19,28.38,33.85,BuildingA_Floor1,TypeB
1095,2025-04-06 11:27:42,21.28,72.07,BuildingA_Floor2,TypeB
1074,2025-04-10 10:11:12,15.65,75.65,BuildingA_Floor1,TypeA
1084,2025-04-06 08:32:58,27.07,45.58,BuildingB_Floor2,TypeA
1075,2025-04-06 01:58:02,33.55,53.93,BuildingA_Floor2,TypeB
1046,2025-04-08 19:46:03,21.05,57.35,BuildingA_Floor2,TypeA
1053,2025-04-10 02:08:10,27.43,39.16,BuildingB_Floor2,TypeB
1029,2025-04-09 00:12:20,31.96,38.4,BuildingB_Floor1,TypeB
1098,2025-04-10 04:05:25,20.68,62.33,BuildingB_Floor1,TypeA
1024,2025-04-10 04:34:42,34.99,69.64,BuildingA_Floor1,TypeC
1035,2025-04-10 15:04:07,32.43,53.2,BuildingA_Floor1,TypeB
1002,2025-04-08 23:13:32,18.07,50.57,BuildingB_Floor2,TypeC
1067,2025-04-06 03:42:28,32.6,32.82,BuildingA_Floor2,TypeB
1090,2025-04-09 11:44:46,16.27,58.01,BuildingA_Floor2,TypeB
1060,2025-04-07 11:45:43,33.64,67.06,BuildingA_Floor1,TypeA
1070,2025-04-05 18:38:53,32.95,41.26,BuildingA_Floor2,TypeC
1086,2025-04-06 15:38:07,22.35,74.27,BuildingA_Floor2,TypeC
1082,2025-04-06 18:24:31,22.34,47.58,BuildingB_Floor2,TypeB
1036,2025-04-09 05:54:26,31.47,34.01,BuildingB_Floor1,TypeB
1017,2025-04-07 16:42:50,32.51,76.07,BuildingB_Floor1,TypeB
1006,2025-04-06 23:50:58,30.17,73.54,BuildingA_Floor2,TypeA
1079,2025-04-08 21:55:22,28.72,30.12,BuildingB_Floor1,TypeC
1006,2025-04-10 07:56:46,25.58,44.21,BuildingA_Floor2,TypeB
1042,2025-04-08 13:45:14,19.87,79.28,BuildingB_Floor1,TypeC
1002,2025-04-08 02:53:40,18.45,51.88,BuildingB_Floor2,TypeB
1066,2025-04-07 08:35:56,17.85,33.38,BuildingB_Floor2,TypeA
1051,2025-04-08 21:25:45,26.86,36.05,BuildingA_Floor2,TypeC
1077,2025-04-09 15:59:48,20.69,61.15,BuildingB_Floor1,TypeC
1041,2025-04-05 18:22:14,19.68,71.91,BuildingB_Floor1,TypeB
1032,2025-04-06 17:57:48,27.08,72.86,BuildingA_Floor2,TypeB
1015,2025-04-09 04:54:06,27.25,69.36,BuildingB_Floor2,TypeA
1058,2025-04-07 22:13:48,31.61,33.46,BuildingB_Floor2,TypeC
1087,2025-04-08 10:30:11,29.16,34.42,BuildingA_Floor1,TypeB
1007,2025-04-06 09:40:43,27.48,60.78,BuildingA_Floor2,TypeA
1056,2025-04-10 15:36:01,30.42,67.98,BuildingB_Floor2,TypeB
1011,2025-04-05 17:25:34,16.94,30.09,BuildingA_Floor1,TypeC
1038,2025-04-08 20:56:02,21.81,79.66,BuildingB_Floor1,TypeC
1070,2025-04-10 08:50:51,34.34,34.57,BuildingB_Floor2,TypeC
1068,2025-04-08 01:58:34,23.46,44.12,BuildingB_Floor2,TypeB
1067,2025-04-07 16:28:03,17.92,74.43,BuildingB_Floor2,TypeB
1074,2025-04-09 08:40:55,17.86,43.01,BuildingB_Floor2,TypeC
1078,2025-04-09 00:08:03,21.55,57.03,BuildingB_Floor1,TypeB
1026,2025-04-06 08:45:36,34.17,37.26,BuildingA_Floor2,TypeA
1052,2025-04-09 12:34:08,22.1,49.66,BuildingA_Floor2,TypeB
1083,2025-04-10 11:44:26,30.2,79.43,BuildingA_Floor2,TypeB
1047,2025-04-06 14:31:13,26.57,65.48,BuildingA_Floor2,TypeB
1065,2025-04-05 17:03:18,29.61,54.43,BuildingB_Floor2,TypeC
1029,2025-04-05 18:27:06,30.51,67.17,BuildingA_Floor2,TypeC
1035,2025-04-08 00:43:23,21.45,72.59,BuildingA_Floor1,TypeB
1099,2025-04-06 07:08:39,33.33,68.85,BuildingB_Floor1,TypeC
1080,2025-04-08 02:30:33,21.38,60.46,BuildingB_Floor1,TypeA
1092,2025-04-06 13:58:10,16.68,69.13,BuildingB_Floor1,TypeB
1044,2025-04-07 18:43:37,18.69,54.59,BuildingB_Floor2,TypeC
1100,2025-04-08 15:34:08,21.5,64.22,BuildingB_Floor2,TypeC
1042,2025-04-07 20:35:18,28.57,69.28,BuildingB_Floor2,TypeC
1027,2025-04-08 01:20:02,34.86,61.25,BuildingA_Floor2,TypeC
1035,2025-04-08 04:10:29,33.0,61.31,BuildingA_Floor1,TypeC
1057,2025-04-07 15:06:41,20.69,32.4,BuildingB_Floor1,TypeC
1095,2025-04-07 12:57:46,34.5,57.31,BuildingA_Floor1,TypeA
1003,2025-04-08 22:18:58,17.25,65.73,BuildingA_Floor1,TypeA
1068,2025-04-09 21:04:36,18.36,33.61,BuildingB_Floor1,TypeA
1069,2025-04-07 18:17:09,27.53,45.88,BuildingA_Floor1,TypeC
1068,2025-04-08 14:09:51,27.87,71.61,BuildingA_Floor2,TypeA
1011,2025-04-10 02:27:44,29.5,66.5,BuildingB_Floor2,TypeB
1081,2025-04-08 09:12:56,24.69,77.56,BuildingB_Floor2,TypeB
1017,2025-04-08 20:59:27,26.08,74.92,BuildingB_Floor1,TypeB
1068,2025-04-08 11:00:28,16.13,56.23,BuildingA_Floor2,TypeC
1100,2025-04-09 08:05:15,20.97,66.34,BuildingA_Floor2,TypeB
1059,2025-04-07 00:37:42,27.95,54.07,BuildingB_Floor2,TypeB
1023,2025-04-09 10:37:53,34.67,78.4,BuildingA_Floor2,TypeA
1085,2025-04-06 03:28:44,20.98,58.8,BuildingA_Floor2,TypeC
1003,2025-04-07 11:19:32,17.26,72.88,BuildingB_Floor2,TypeA
1007,2025-04-06 02:57:59,18.73,40.08,BuildingB_Floor1,TypeC
1088,2025-04-07 15:10:43,20.9,58.26,BuildingA_Floor1,TypeA
1059,2025-04-07 00:57:56,25.96,77.93,BuildingA_Floor2,TypeC
1056,2025-04-08 09:49:16,25.0,39.8,BuildingA_Floor1,TypeB
1025,2025-04-05 19:36:08,25.17,50.98,BuildingA_Floor2,TypeA
1013,2025-04-07 00:03:39,22.26,65.69,BuildingA_Floor2,TypeC
1087,2025-04-07 03:34:52,34.64,49.65,BuildingB_Floor1,TypeA
1056,2025-04-08 06:35:00,26.88,63.45,BuildingA_Floor2,TypeC
1055,2025-04-09 18:16:37,31.26,30.83,BuildingA_Floor2,TypeB
1082,2025-04-10 05:39:30,27.64,73.68,BuildingB_Floor2,TypeA
1047,2025-04-06 11:47:22,31.67,52.52,BuildingB_Floor1,TypeA
1037,2025-04-07 02:05:56,16.15,43.06,BuildingA_Floor2,TypeB
1035,2025-04-08 08:28:02,34.05,72.23,BuildingB_Floor1,TypeC
1006,2025-04-10 08:34:22,33.5,61.81,BuildingB_Floor1,TypeC
1087,2025-04-08 01:56:42,25.92,40.49,BuildingB_Floor2,TypeB
1024,2025-04-08 07:47:15,17.33,75.99,BuildingB_Floor2,TypeA
1056,2025-04-05 17:36:49,32.13,57.8,BuildingB_Floor1,TypeA
1086,2025-04-07 10:26:37,23.14,32.5,BuildingB_Floor1,TypeC
1019,2025-04-09 05:21:16,34.54,41.45,BuildingA_Floor1,TypeC
1100,2025-04-06 15:23:46,24.86,55.3,BuildingB_Floor1,TypeA
1000,2025-04-09 03:14:59,19.85,37.31,BuildingA_Floor1,TypeA
1060,2025-04-09 00:25:01,17.33,59.96,BuildingA_Floor2,TypeA
1088,2025-04-08 11:44:43,15.2,33.2,BuildingB_Floor2,TypeA
1031,2025-04-08 06:39:09,18.89,76.17,BuildingA_Floor1,TypeB
1037,2025-04-08 11:50:44,31.63,70.84,BuildingB_Floor2,TypeB
1096,2025-04-07 05:32:08,29.04,46.18,BuildingB_Floor1,TypeC
1076,2025-04-06 23:24:29,16.29,69.59,BuildingB_Floor2,TypeC
1048,2025-04-09 06:57:04,33.04,46.64,BuildingA_Floor1,TypeC
1041,2025-04-08 00:53:41,24.78,62.75,BuildingB_Floor1,TypeA
1048,2025-04-06 19:21:35,23.59,65.76,BuildingB_Floor1,TypeC
1051,2025-04-08 23:13:56,30.3,38.6,BuildingA_Floor2,TypeA
1042,2025-04-06 10:04:54,19.58,31.46,BuildingB_Floor1,TypeA
1089,2025-04-08 09:59:40,31.39,50.26,BuildingB_Floor1,TypeC
1008,2025-04-09 11:40:02,32.19,70.43,BuildingA_Floor2,TypeC
1066,2025-04-07 06:46:22,30.2,68.9,BuildingB_Floor1,TypeC
1064,2025-04-07 20:59:29,31.9,51.34,BuildingB_Floor1,TypeA
1065,2025-04-10 00:02:00,33.53,49.72,BuildingA_Floor1,TypeC
1041,2025-04-08 17:05:00,28.29,33.52,BuildingA_Floor1,TypeC
1084,2025-04-08 01:57:15,30.09,57.18,BuildingA_Floor1,TypeA
1048,2025-04-08 00:53:49,15.13,42.37,BuildingA_Floor2,TypeA
1037,2025-04-07 10:21:36,16.32,34.6,BuildingA_Floor2,TypeC
1005,2025-04-08 22:27:39,32.8,34.43,BuildingB_Floor1,TypeA
1081,2025-04-10 13:34:44,22.94,52.66,BuildingA_Floor2,TypeA
1054,2025-04-06 08:58:45,26.49,59.72,BuildingB_Floor2,TypeA
1000,2025-04-08 19:43:03,20.1,37.82,BuildingB_Floor1,TypeA
1014,2025-04-07 04:41:32,31.96,54.43,BuildingA_Floor2,TypeB
1067,2025-04-10 15:33:01,30.39,76.9,BuildingA_Floor1,TypeB
1012,2025-04-10 10:37:52,18.71,68.21,BuildingA_Floor2,TypeC
1082,2025-04-09 06:12:20,26.61,79.73,BuildingB_Floor2,TypeA
1069,2025-04-07 11:17:26,24.95,78.9,BuildingA_Floor1,TypeB
1025,2025-04-07 05:32:59,19.51,61.99,BuildingB_Floor1,TypeB
1007,2025-04-06 16:43:03,21.08,46.27,BuildingB_Floor2,TypeB
1100,2025-04-06 11:12:35,18.76,75.53,BuildingA_Floor1,TypeB
1016,2025-04-05 21:13:57,31.26,79.83,BuildingA_Floor2,TypeB
1070,2025-04-09 03:39:04,31.08,62.55,BuildingA_Floor2,TypeC
1056,2025-04-07 03:57:30,32.01,63.22,BuildingB_Floor1,TypeA
1090,2025-04-08 00:59:21,24.8,43.74,BuildingA_Floor1,TypeB
1011,2025-04-10 09:25:11,30.67,33.3,BuildingB_Floor1,TypeB
1088,2025-04-05 18:07:54,21.83,30.79,BuildingB_Floor2,TypeC
1071,2025-04-09 21:31:45,26.91,72.69,BuildingA_Floor2,TypeA
1064,2025-04-09 13:28:57,28.89,37.16,BuildingB_Floor1,TypeC
1089,2025-04-08 03:50:07,15.06,68.77,BuildingA_Floor1,TypeA
1069,2025-04-08 09:37:32,27.48,41.34,BuildingA_Floor2,TypeB
1090,2025-04-06 07:10:46,21.72,75.12,BuildingB_Floor1,TypeB
1019,2025-04-08 07:19:32,29.95,67.28,BuildingB_Floor2,TypeA
1007,2025-04-08 23:44:55,18.91,70.65,BuildingA_Floor2,TypeA
1084,2025-04-06 09:54:38,30.18,66.4,BuildingA_Floor2,TypeC
1070,2025-04-08 09:48:32,25.81,54.52,BuildingB_Floor1,TypeB
1081,2025-04-10 10:49:08,27.09,47.3,BuildingB_Floor2,TypeA
1037,2025-04-07 23:11:49,17.3,33.89,BuildingB_Floor1,TypeA
1091,2025-04-08 18:16:25,17.64,43.73,BuildingB_Floor1,TypeC
1003,2025-04-06 08:14:34,21.78,79.22,BuildingB_Floor2,TypeC
1063,2025-04-10 13:53:19,32.5,61.2,BuildingA_Floor1,TypeC
1083,2025-04-10 04:43:56,19.8,42.57,BuildingA_Floor2,TypeB
1098,2025-04-06 20:12:10,24.85,47.61,BuildingA_Floor1,TypeC
1075,2025-04-05 16:56:08,27.57,53.74,BuildingA_Floor1,TypeB
1082,2025-04-06 09:09:27,33.49,51.68,BuildingB_Floor2,TypeC
1045,2025-04-07 19:18:20,25.71,37.89,BuildingA_Floor2,TypeA
1094,2025-04-06 09:37:58,17.25,70.46,BuildingA_Floor2,TypeC
1096,2025-04-07 03:17:29,24.23,36.61,BuildingA_Floor1,TypeC
1064,2025-04-07 05:11:11,31.03,35.37,BuildingA_Floor1,TypeC
1082,2025-04-07 11:04:47,31.04,59.12,BuildingA_Floor2,TypeA
1026,2025-04-07 01:57:56,32.81,65.58,BuildingB_Floor1,TypeC
1099,2025-04-07 16:53:28,33.23,73.46,BuildingA_Floor2,TypeB
1094,2025-04-06 09:50:55,34.09,69.27,BuildingA_Floor1,TypeC
1054,2025-04-10 03:01:17,20.74,60.47,BuildingA_Floor1,TypeA
1018,2025-04-08 21:33:03,21.59,52.75,BuildingB_Floor2,TypeC
1027,2025-04-05 21:23:30,24.1,58.36,BuildingB_Floor2,TypeB
1059,2025-04-09 06:07:11,19.26,71.27,BuildingB_Floor2,TypeB
1025,2025-04-10 11:33:40,33.82,48.27,BuildingA_Floor1,TypeC
1046,2025-04-06 09:21:46,33.67,62.92,BuildingB_Floor2,TypeB
1092,2025-04-09 20:57:06,27.02,68.68,BuildingA_Floor2,TypeC
1097,2025-04-10 05:08:43,24.25,39.02,BuildingA_Floor2,TypeB
1066,2025-04-09 21:08:52,27.59,39.75,BuildingA_Floor1,TypeB
1056,2025-04-06 06:18:33,25.09,48.58,BuildingA_Floor2,TypeB
1050,2025-04-05 23:21:10,15.87,72.8,BuildingA_Floor2,TypeA
1089,2025-04-08 14:22:05,25.34,69.51,BuildingA_Floor2,TypeB
1098,2025-04-07 20:00:30,31.31,64.06,BuildingA_Floor2,TypeC
1070,2025-04-07 18:45:55,22.5,59.53,BuildingB_Floor1,TypeA
1078,2025-04-06 18:28:15,23.63,41.03,BuildingA_Floor2,TypeC
1048,2025-04-06 17:05:48,19.59,71.1,BuildingB_Floor2,TypeC
1073,2025-04-08 11:30:15,24.41,36.49,BuildingB_Floor2,TypeA
1092,2025-04-09 04:43:02,17.08,36.87,BuildingA_Floor1,TypeC
1003,2025-04-09 00:46:09,22.52,79.42,BuildingA_Floor1,TypeA
1070,2025-04-06 18:55:39,31.56,33.85,BuildingB_Floor2,TypeC
1047,2025-04-10 10:22:42,30.75,74.99,BuildingB_Floor2,TypeA
1004,2025-04-08 14:19:10,25.58,61.93,BuildingB_Floor1,TypeC
1089,2025-04-06 14:25:24,18.9,56.26,BuildingB_Floor1,TypeB
1060,2025-04-09 00:43:52,18.76,40.08,BuildingA_Floor2,TypeC
1086,2025-04-10 02:36:52,34.78,59.95,BuildingA_Floor1,TypeB
1096,2025-04-08 13:34:50,34.33,30.27,BuildingB_Floor1,TypeC
1033,2025-04-07 08:23:06,20.6,56.93,BuildingB_Floor2,TypeB
1067,2025-04-06 22:19:39,17.65,65.59,BuildingB_Floor1,TypeC
1035,2025-04-08 15:56:18,34.1,54.26,BuildingA_Floor1,TypeA
1071,2025-04-09 06:40:15,16.18,34.81,BuildingB_Floor1,TypeA
1071,2025-04-07 02:01:11,26.88,58.53,BuildingB_Floor1,TypeA
1041,2025-04-06 15:49:20,16.42,30.3,BuildingA_Floor1,TypeC
1033,2025-04-07 16:06:56,18.38,60.3,BuildingB_Floor2,TypeB
1097,2025-04-07 09:25:21,19.17,40.64,BuildingA_Floor2,TypeC
1086,2025-04-10 13:05:39,16.37,74.32,BuildingB_Floor1,TypeA
1033,2025-04-10 11:17:40,31.33,50.54,BuildingA_Floor1,TypeC
1049,2025-04-07 12:55:46,15.48,59.7,BuildingA_Floor1,TypeC
1076,2025-04-06 17:48:17,24.45,75.78,BuildingA_Floor2,TypeB
1016,2025-04-05 23:26:31,34.54,48.88,BuildingB_Floor1,TypeB
1054,2025-04-06 01:10:46,25.82,61.03,BuildingA_Floor2,TypeA
1066,2025-04-10 08:49:40,32.46,53.9,BuildingA_Floor2,TypeA
1090,2025-04-09 18:33:10,15.7,41.69,BuildingB_Floor1,TypeB
1093,2025-04-09 16:50:38,15.34,58.05,BuildingA_Floor1,TypeC
1078,2025-04-10 03:24:17,29.85,41.36,BuildingB_Floor1,TypeC
1086,2025-04-06 09:48:28,25.29,73.29,BuildingB_Floor2,TypeA
1091,2025-04-10 12:27:15,20.5,33.59,BuildingB_Floor2,TypeC
1079,2025-04-06 01:52:15,32.38,66.46,BuildingA_Floor1,TypeC
1039,2025-04-06 00:46:33,33.8,35.88,BuildingB_Floor1,TypeA
1032,2025-04-07 06:33:39,16.56,62.82,BuildingA_Floor2,TypeC
1097,2025-04-07 09:06:05,30.27,78.4,BuildingB_Floor2,TypeA
1046,2025-04-09 11:45:42,30.73,48.97,BuildingB_Floor2,TypeB
1005,2025-04-08 07:57:24,34.56,37.68,BuildingB_Floor2,TypeC
1095,2025-04-10 05:27:52,26.9,60.77,BuildingB_Floor1,TypeC
1053,2025-04-06 22:41:51,16.3,71.59,BuildingB_Floor2,TypeA
1085,2025-04-09 01:15:00,31.02,38.46,BuildingA_Floor2,TypeC
1075,2025-04-07 08:59:01,34.73,60.88,BuildingA_Floor1,TypeA
1060,2025-04-09 13:22:21,30.13,30.57,BuildingB_Floor1,TypeA
1076,2025-04-10 09:12:16,21.04,65.85,BuildingB_Floor1,TypeA
1032,2025-04-10 05:04:50,16.42,51.75,BuildingA_Floor1,TypeA
1007,2025-04-06 06:05:59,23.99,74.02,BuildingB_Floor1,TypeC
1099,2025-04-09 17:41:07,24.31,38.52,BuildingB_Floor1,TypeB
1014,2025-04-06 11:12:19,21.71,51.86,BuildingA_Floor1,TypeA
1003,2025-04-05 16:51:54,31.17,77.8,BuildingA_Floor1,TypeB
1053,2025-04-09 01:31:22,19.31,56.38,BuildingB_Floor1,TypeC
1012,2025-04-06 01:14:34,32.15,60.77,BuildingB_Floor2,TypeC
1091,2025-04-06 01:14:06,18.53,73.14,BuildingB_Floor1,TypeC
1066,2025-04-08 04:48:14,26.99,51.32,BuildingB_Floor2,TypeA
1083,2025-04-10 11:12:51,16.8,39.09,BuildingB_Floor2,TypeB
1087,2025-04-09 13:49:56,17.77,67.25,BuildingB_Floor2,TypeB
1049,2025-04-08 07:47:07,30.81,69.23,BuildingB_Floor2,TypeB
1003,2025-04-09 05:35:57,20.3,76.71,BuildingA_Floor1,TypeC
1049,2025-04-06 10:58:23,29.0,55.06,BuildingB_Floor2,TypeB
1069,2025-04-07 01:43:34,27.96,30.8,BuildingA_Floor1,TypeA
1050,2025-04-08 23:50:33,33.29,47.03,BuildingA_Floor2,TypeA
1015,2025-04-06 23:05:47,20.62,41.68,BuildingA_Floor1,TypeC
1090,2025-04-08 01:31:17,23.96,50.22,BuildingA_Floor2,TypeB
1041,2025-04-06 02:06:16,34.36,44.76,BuildingB_Floor2,TypeC
1038,2025-04-06 15:01:03,30.76,32.73,BuildingA_Floor1,TypeB
1033,2025-04-06 17:13:15,21.57,74.97,BuildingA_Floor2,TypeB
1098,2025-04-08 23:13:10,22.82,51.39,BuildingB_Floor2,TypeC
1030,2025-04-09 19:46:50,23.07,74.89,BuildingA_Floor1,TypeA
1041,2025-04-08 06:21:44,17.5,68.12,BuildingB_Floor1,TypeA
1004,2025-04-10 02:25:52,18.02,62.42,BuildingB_Floor1,TypeA
1073,2025-04-08 22:36:09,26.15,77.78,BuildingB_Floor2,TypeA
1087,2025-04-07 16:30:50,21.15,70.91,BuildingB_Floor1,TypeC
1085,2025-04-09 15:47:56,26.1,50.22,BuildingA_Floor1,TypeB
1070,2025-04-09 04:43:49,18.92,68.37,BuildingB_Floor1,TypeC
1092,2025-04-09 23:03:34,26.83,54.78,BuildingB_Floor1,TypeA
1081,2025-04-09 07:12:10,30.85,70.23,BuildingB_Floor1,TypeB
1013,2025-04-09 23:11:36,20.21,51.8,BuildingB_Floor2,TypeB
1007,2025-04-05 19:23:57,34.48,32.94,BuildingA_Floor2,TypeB
1059,2025-04-07 23:22:28,17.81,72.28,BuildingB_Floor1,TypeA
1006,2025-04-07 04:30:31,27.07,33.34,BuildingB_Floor1,TypeA
1037,2025-04-09 14:35:08,16.41,77.97,BuildingA_Floor1,TypeA
1085,2025-04-10 08:22:58,29.77,73.32,BuildingB_Floor2,TypeA
1004,2025-04-06 02:17:26,28.49,75.78,BuildingA_Floor2,TypeB
1059,2025-04-08 00:19:31,16.84,66.89,BuildingA_Floor1,TypeC
1089,2025-04-05 21:23:22,18.27,79.89,BuildingA_Floor1,TypeB
1028,2025-04-07 19:37:28,24.17,38.49,BuildingB_Floor1,TypeC
1001,2025-04-09 09:54:57,21.52,58.97,BuildingA_Floor2,TypeA
1051,2025-04-07 23:42:52,23.62,47.03,BuildingB_Floor2,TypeA
1021,2025-04-06 14:56:22,20.47,39.74,BuildingA_Floor1,TypeC
1027,2025-04-07 23:22:53,27.73,43.88,BuildingB_Floor2,TypeC
1065,2025-04-05 23:55:50,22.43,64.31,BuildingB_Floor1,TypeA
1055,2025-04-07 21:06:50,27.57,48.29,BuildingB_Floor1,TypeB
1090,2025-04-06 13:07:50,15.71,75.64,BuildingA_Floor1,TypeA
1056,2025-04-06 19:21:33,27.24,63.37,BuildingB_Floor2,TypeC
1079,2025-04-05 17:55:15,20.85,70.4,BuildingA_Floor2,TypeB
1045,2025-04-09 21:12:08,23.24,59.55,BuildingB_Floor2,TypeC
1053,2025-04-09 05:33:55,24.17,61.75,BuildingA_Floor2,TypeA
1038,2025-04-07 18:40:03,24.46,63.65,BuildingA_Floor2,TypeC
1044,2025-04-10 04:30:50,28.41,77.45,BuildingA_Floor2,TypeA
1007,2025-04-07 20:29:19,26.44,51.8,BuildingA_Floor1,TypeA
1093,2025-04-06 12:54:31,28.09,68.54,BuildingA_Floor1,TypeB
1027,2025-04-08 13:42:51,31.36,53.14,BuildingA_Floor2,TypeB
1084,2025-04-08 22:34:57,25.09,35.41,BuildingA_Floor1,TypeC
1019,2025-04-09 12:23:33,27.54,75.87,BuildingB_Floor2,TypeA
1037,2025-04-06 01:24:40,22.86,50.88,BuildingA_Floor2,TypeA
1064,2025-04-06 11:06:51,24.88,42.08,BuildingB_Floor2,TypeB
1030,2025-04-07 06:34:21,22.33,49.04,BuildingA_Floor2,TypeC
1009,2025-04-10 11:03:05,15.56,75.42,BuildingB_Floor2,TypeB
1053,2025-04-07 19:31:53,22.88,51.52,BuildingA_Floor1,TypeA
1034,2025-04-07 17:17:33,16.73,64.12,BuildingB_Floor1,TypeC
1084,2025-04-07 16:25:44,15.18,53.95,BuildingA_Floor2,TypeC
1038,2025-04-09 19:05:54,20.18,78.1,BuildingB_Floor2,TypeC
1006,2025-04-08 23:22:45,16.32,56.92,BuildingA_Floor2,TypeC
1052,2025-04-09 22:11:45,30.95,72.55,BuildingA_Floor2,TypeB
1010,2025-04-09 06:38:43,31.68,62.6,BuildingB_Floor2,TypeC
1010,2025-04-06 09:14:13,23.57,38.09,BuildingA_Floor1,TypeA
1002,2025-04-08 06:43:01,27.33,66.67,BuildingA_Floor2,TypeB
1073,2025-04-09 23:37:07,23.26,34.03,BuildingA_Floor2,TypeA
1081,2025-04-06 08:14:51,18.98,69.59,BuildingA_Floor2,TypeA
1034,2025-04-08 22:44:59,32.91,30.92,BuildingA_Floor2,TypeA
1079,2025-04-05 21:47:53,21.5,44.56,BuildingA_Floor1,TypeB
1097,2025-04-10 11:34:45,30.55,30.48,BuildingB_Floor2,TypeC
1037,2025-04-09 17:45:31,19.28,31.93,BuildingA_Floor1,TypeA
1016,2025-04-08 21:00:19,32.91,75.32,BuildingA_Floor1,TypeA
1059,2025-04-09 19:08:18,20.88,42.82,BuildingA_Floor1,TypeB
1004,2025-04-09 14:09:21,24.14,68.14,BuildingA_Floor2,TypeB
1089,2025-04-09 21:34:37,34.35,67.55,BuildingB_Floor1,TypeB
1071,2025-04-10 11:08:10,17.56,35.13,BuildingA_Floor2,TypeB
1059,2025-04-10 06:51:34,17.11,79.48,BuildingA_Floor1,TypeB
1033,2025-04-09 01:06:27,20.97,48.95,BuildingA_Floor2,TypeA
1014,2025-04-09 17:01:25,31.52,48.1,BuildingA_Floor2,TypeA
1079,2025-04-07 21:03:55,26.19,71.41,BuildingA_Floor2,TypeB
1048,2025-04-07 13:27:04,18.3,79.38,BuildingB_Floor1,TypeB
1004,2025-04-08 13:18:59,25.7,58.97,BuildingA_Floor1,TypeB
1067,2025-04-10 02:46:49,34.94,62.34,BuildingB_Floor2,TypeC
1099,2025-04-07 06:47:48,26.61,55.23,BuildingA_Floor2,TypeC
1051,2025-04-08 08:51:02,34.43,62.76,BuildingB_Floor1,TypeB
1037,2025-04-06 03:03:20,17.16,77.17,BuildingA_Floor2,TypeC
1051,2025-04-06 02:05:49,16.92,30.58,BuildingA_Floor2,TypeC
1067,2025-04-07 23:54:23,16.84,80.0,BuildingB_Floor1,TypeA
1036,2025-04-07 18:30:31,29.02,49.74,BuildingB_Floor2,TypeA
1051,2025-04-08 11:39:57,15.84,58.35,BuildingA_Floor2,TypeB
1024,2025-04-07 10:02:22,20.79,38.34,BuildingA_Floor2,TypeA
1000,2025-04-09 00:25:50,27.77,39.36,BuildingA_Floor2,TypeC
1031,2025-04-06 18:12:15,18.42,68.93,BuildingA_Floor1,TypeA
1067,2025-04-08 01:10:22,32.26,57.53,BuildingA_Floor1,TypeC
1062,2025-04-06 19:11:27,22.47,39.82,BuildingA_Floor1,TypeC
1039,2025-04-09 19:42:14,23.81,76.24,BuildingA_Floor2,TypeB
1080,2025-04-07 06:58:04,23.46,64.0,BuildingB_Floor1,TypeA
1014,2025-04-06 05:46:31,30.82,76.71,BuildingB_Floor2,TypeB
1016,2025-04-09 14:52:57,23.68,57.62,BuildingB_Floor1,TypeA
1015,2025-04-09 01:11:19,34.64,45.74,BuildingA_Floor1,TypeC
1007,2025-04-08 04:31:28,22.96,36.96,BuildingB_Floor2,TypeC
1043,2025-04-08 18:26:23,17.06,78.18,BuildingA_Floor2,TypeC
1021,2025-04-06 14:06:05,23.32,65.16,BuildingB_Floor2,TypeC
1042,2025-04-08 05:27:48,30.04,45.13,BuildingB_Floor1,TypeA
1097,2025-04-06 15:59:17,18.44,34.07,BuildingB_Floor2,TypeA
1025,2025-04-06 12:30:44,25.59,32.86,BuildingA_Floor1,TypeB
1039,2025-04-10 14:01:51,28.37,44.9,BuildingA_Floor1,TypeC
1046,2025-04-08 19:08:59,25.65,69.86,BuildingA_Floor2,TypeA
1100,2025-04-09 12:37:28,31.88,64.9,BuildingA_Floor2,TypeC
1073,2025-04-06 23:57:44,32.87,47.4,BuildingB_Floor2,TypeA
1040,2025-04-06 05:51:21,21.54,40.91,BuildingB_Floor2,TypeB
1095,2025-04-09 05:27:58,30.14,30.44,BuildingB_Floor2,TypeB
1004,2025-04-06 15:54:07,23.89,74.36,BuildingB_Floor2,TypeA
1031,2025-04-06 10:14:26,20.78,43.39,BuildingB_Floor1,TypeA
1096,2025-04-08 23:47:19,25.32,66.59,BuildingA_Floor2,TypeB
1022,2025-04-07 12:07:23,22.3,39.69,BuildingB_Floor1,TypeB
1024,2025-04-08 03:15:05,27.8,51.71,BuildingA_Floor1,TypeB
1100,2025-04-09 00:13:45,30.83,50.42,BuildingB_Floor1,TypeB
1064,2025-04-06 05:51:21,24.84,44.46,BuildingB_Floor2,TypeC
1094,2025-04-07 11:15:07,32.14,40.81,BuildingB_Floor1,TypeC
1080,2025-04-09 10:22:09,17.42,66.7,BuildingB_Floor1,TypeB
1044,2025-04-08 23:14:15,30.03,74.97,BuildingB_Floor1,TypeB
1075,2025-04-06 00:01:53,15.08,79.4,BuildingA_Floor2,TypeC
1037,2025-04-06 16:03:33,24.18,32.47,BuildingA_Floor2,TypeA
1041,2025-04-08 19:32:28,27.06,50.55,BuildingA_Floor2,TypeB
1043,2025-04-07 13:03:09,16.23,79.97,BuildingA_Floor1,TypeB
1062,2025-04-07 05:01:21,31.95,36.09,BuildingB_Floor2,TypeC
1075,2025-04-10 07:23:40,29.37,65.54,BuildingA_Floor2,TypeB
1056,2025-04-10 15:43:08,25.76,39.17,BuildingA_Floor1,TypeA
1014,2025-04-10 13:14:12,29.11,74.54,BuildingB_Floor2,TypeB
1027,2025-04-10 15:56:02,26.78,37.61,BuildingA_Floor1,TypeA
1019,2025-04-09 08:35:28,18.56,65.73,BuildingA_Floor2,TypeB
1082,2025-04-06 01:38:58,19.32,78.51,BuildingB_Floor2,TypeB
1072,2025-04-06 09:11:41,22.28,43.36,BuildingB_Floor2,TypeC
1004,2025-04-07 19:06:55,29.48,45.14,BuildingA_Floor2,TypeB
1098,2025-04-09 22:58:16,34.51,69.4,BuildingA_Floor2,TypeB
1062,2025-04-09 23:53:08,20.72,38.11,BuildingB_Floor2,TypeC
1056,2025-04-06 13:59:40,16.42,71.56,BuildingA_Floor2,TypeC
1069,2025-04-10 01:14:40,30.09,69.4,BuildingB_Floor2,TypeB
1034,2025-04-06 19:00:11,24.3,37.47,BuildingB_Floor1,TypeC
1095,2025-04-07 14:30:07,19.25,50.16,BuildingB_Floor2,TypeC
1036,2025-04-07 22:03:41,19.64,54.05,BuildingB_Floor2,TypeC
1044,2025-04-06 07:36:44,29.38,61.35,BuildingA_Floor1,TypeB
1023,2025-04-09 08:54:31,34.94,54.55,BuildingB_Floor1,TypeB
1056,2025-04-08 16:50:21,21.48,30.23,BuildingA_Floor2,TypeC
1083,2025-04-08 21:42:11,19.62,43.26,BuildingA_Floor2,TypeC
1015,2025-04-07 00:44:05,15.21,51.65,BuildingB_Floor2,TypeC
1095,2025-04-09 19:56:54,24.24,64.92,BuildingA_Floor1,TypeC
1013,2025-04-08 03:18:19,18.81,45.17,BuildingA_Floor2,TypeC
1047,2025-04-07 20:14:36,18.3,65.62,BuildingA_Floor2,TypeB
1017,2025-04-07 11:44:19,20.21,33.06,BuildingA_Floor2,TypeC
1031,2025-04-05 22:37:03,32.05,42.5,BuildingB_Floor1,TypeA
1026,2025-04-09 05:45:10,16.06,59.17,BuildingB_Floor2,TypeA
1068,2025-04-05 18:39:23,24.76,44.47,BuildingB_Floor2,TypeC
1013,2025-04-10 07:14:22,22.13,42.95,BuildingB_Floor1,TypeA
1038,2025-04-05 17:25:18,33.08,50.96,BuildingB_Floor1,TypeB
1069,2025-04-10 06:58:02,16.8,66.96,BuildingA_Floor2,TypeB
1048,2025-04-06 02:16:29,25.63,34.19,BuildingB_Floor1,TypeC
1099,2025-04-10 15:06:02,32.53,73.93,BuildingA_Floor1,TypeB
1006,2025-04-07 22:37:56,20.98,47.07,BuildingB_Floor1,TypeB
1070,2025-04-05 17:59:42,32.37,51.49,BuildingB_Floor1,TypeC
1010,2025-04-08 19:39:00,33.79,76.74,BuildingB_Floor2,TypeA
1029,2025-04-10 07:26:25,21.83,47.77,BuildingA_Floor1,TypeA
1013,2025-04-08 09:18:57,18.78,47.29,BuildingA_Floor1,TypeC
1073,2025-04-07 02:07:30,15.4,63.74,BuildingA_Floor1,TypeC
1076,2025-04-06 09:25:53,33.68,30.9,BuildingB_Floor1,TypeA
1087,2025-04-08 17:09:06,32.2,51.13,BuildingB_Floor1,TypeB
1072,2025-04-08 12:45:46,19.08,48.97,BuildingB_Floor1,TypeC
1092,2025-04-08 15:51:08,21.31,49.1,BuildingA_Floor1,TypeA
1095,2025-04-09 01:38:24,31.31,45.89,BuildingB_Floor1,TypeC
1051,2025-04-08 02:46:34,22.4,45.22,BuildingA_Floor1,TypeA
1075,2025-04-08 03:48:50,25.05,43.17,BuildingB_Floor2,TypeB
1067,2025-04-08 21:41:40,19.97,39.5,BuildingA_Floor2,TypeB
1084,2025-04-09 17:55:48,30.53,32.05,BuildingA_Floor2,TypeB
1020,2025-04-08 12:20:03,19.42,58.63,BuildingA_Floor2,TypeA
1006,2025-04-06 11:23:08,27.39,43.74,BuildingB_Floor2,TypeC
1017,2025-04-08 19:52:11,28.71,54.68,BuildingA_Floor2,TypeC
1005,2025-04-08 23:18:35,16.61,46.35,BuildingA_Floor1,TypeA
1021,2025-04-09 16:15:40,18.35,60.03,BuildingB_Floor1,TypeB
1085,2025-04-07 11:14:51,27.65,55.47,BuildingB_Floor1,TypeA
1063,2025-04-06 06:40:58,19.14,37.0,BuildingA_Floor1,TypeC
1074,2025-04-07 02:37:55,22.87,44.54,BuildingB_Floor2,TypeC
1047,2025-04-10 14:56:47,19.51,63.84,BuildingB_Floor2,TypeC
1076,2025-04-08 16:10:40,19.62,35.81,BuildingB_Floor2,TypeA
1008,2025-04-08 22:27:54,19.21,64.53,BuildingA_Floor1,TypeB
1075,2025-04-08 02:13:53,33.99,35.46,BuildingB_Floor2,TypeA
1097,2025-04-07 20:07:37,34.8,48.9,BuildingA_Floor2,TypeC
1079,2025-04-08 17:06:01,20.3,42.84,BuildingB_Floor2,TypeB
1090,2025-04-06 16:59:02,26.41,73.03,BuildingA_Floor1,TypeC
1077,2025-04-07 01:16:30,26.3,74.69,BuildingB_Floor2,TypeB
1086,2025-04-05 20:09:46,30.82,69.9,BuildingB_Floor1,TypeA
1066,2025-04-06 04:27:58,16.66,62.1,BuildingA_Floor2,TypeB
1028,2025-04-06 03:02:20,17.17,44.75,BuildingB_Floor1,TypeC
1095,2025-04-08 17:10:42,17.01,60.54,BuildingB_Floor1,TypeB
1020,2025-04-06 08:11:24,31.78,35.65,BuildingA_Floor1,TypeA
1044,2025-04-09 20:08:49,15.09,71.65,BuildingA_Floor1,TypeC
1044,2025-04-09 17:54:37,32.2,31.58,BuildingA_Floor1,TypeA
1071,2025-04-07 14:09:24,33.25,64.39,BuildingA_Floor1,TypeA
1023,2025-04-08 09:50:32,22.75,46.18,BuildingA_Floor1,TypeB
1010,2025-04-08 12:28:23,30.59,58.58,BuildingB_Floor2,TypeA
1026,2025-04-09 13:33:02,21.87,43.55,BuildingA_Floor1,TypeB
1081,2025-04-10 07:39:31,32.77,56.11,BuildingA_Floor1,TypeC
1085,2025-04-07 17:54:33,34.41,66.04,BuildingB_Floor2,TypeB
1005,2025-04-07 08:11:07,34.71,34.27,BuildingA_Floor2,TypeA
1025,2025-04-05 17:24:08,27.04,52.32,BuildingB_Floor2,TypeA
1042,2025-04-07 11:29:41,21.15,46.16,BuildingB_Floor2,TypeB
1007,2025-04-08 10:30:56,32.31,44.1,BuildingB_Floor1,TypeC
1096,2025-04-08 22:03:00,23.26,63.86,BuildingA_Floor1,TypeB
1091,2025-04-08 13:31:42,34.3,33.12,BuildingB_Floor1,TypeA
1027,2025-04-07 06:52:19,18.54,45.05,BuildingB_Floor1,TypeC
1028,2025-04-08 20:36:29,26.03,63.8,BuildingA_Floor2,TypeB
1065,2025-04-09 07:35:53,18.94,44.24,BuildingB_Floor2,TypeC
1017,2025-04-07 15:05:00,18.98,48.33,BuildingA_Floor1,TypeB
1082,2025-04-10 12:57:25,24.16,65.52,BuildingA_Floor1,TypeA
1041,2025-04-08 09:14:52,34.8,43.48,BuildingB_Floor2,TypeA
1042,2025-04-09 14:12:17,17.24,58.63,BuildingA_Floor2,TypeB
1049,2025-04-06 05:22:45,16.81,62.45,BuildingA_Floor1,TypeC
1054,2025-04-07 10:45:18,22.93,50.03,BuildingA_Floor1,TypeB
1039,2025-04-08 09:49:01,31.47,63.06,BuildingA_Floor1,TypeA
1039,2025-04-07 15:55:18,24.57,78.13,BuildingA_Floor1,TypeA
1017,2025-04-07 13:41:43,33.55,39.72,BuildingB_Floor2,TypeA
1027,2025-04-05 17:46:22,22.43,73.79,BuildingB_Floor2,TypeA
1018,2025-04-08 19:19:50,21.22,42.35,BuildingA_Floor1,TypeA
1016,2025-04-07 20:55:42,30.19,37.32,BuildingA_Floor2,TypeC
1023,2025-04-08 05:19:45,29.7,64.53,BuildingA_Floor2,TypeA
1006,2025-04-08 18:20:52,28.08,71.27,BuildingA_Floor2,TypeA
1100,2025-04-06 13:52:41,30.9,50.19,BuildingA_Floor2,TypeB
1088,2025-04-07 16:50:17,32.22,79.71,BuildingB_Floor1,TypeB
1077,2025-04-06 19:53:32,17.63,47.97,BuildingB_Floor2,TypeB
1066,2025-04-08 14:06:19,20.27,46.14,BuildingA_Floor2,TypeB
1079,2025-04-09 21:30:44,17.95,40.22,BuildingB_Floor2,TypeC
1036,2025-04-10 05:34:27,20.29,44.02,BuildingA_Floor2,TypeB
1066,2025-04-06 13:43:10,22.55,61.64,BuildingB_Floor1,TypeC
1052,2025-04-06 09:24:55,21.88,56.26,BuildingA_Floor1,TypeA
1085,2025-04-05 23:07:17,19.64,40.7,BuildingB_Floor2,TypeA
1042,2025-04-07 21:47:15,28.79,50.36,BuildingA_Floor1,TypeC
1036,2025-04-07 19:32:19,17.36,48.02,BuildingA_Floor2,TypeA
1066,2025-04-07 06:15:00,28.5,78.34,BuildingB_Floor2,TypeB
1073,2025-04-10 04:27:30,31.03,66.11,BuildingB_Floor2,TypeC
1036,2025-04-07 04:18:18,20.04,60.55,BuildingA_Floor2,TypeC
1041,2025-04-10 00:13:11,34.79,78.35,BuildingB_Floor2,TypeB
1008,2025-04-10 14:03:07,17.31,66.69,BuildingB_Floor1,TypeC
1030,2025-04-08 20:17:04,18.74,30.26,BuildingA_Floor1,TypeB
1076,2025-04-08 22:49:56,19.49,32.09,BuildingB_Floor1,TypeB
1035,2025-04-06 15:22:02,33.67,67.51,BuildingA_Floor1,TypeA
1056,2025-04-06 21:34:55,19.68,74.81,BuildingA_Floor1,TypeC
1083,2025-04-08 07:30:02,18.2,67.19,BuildingA_Floor1,TypeB
1022,2025-04-08 00:30:28,34.08,47.75,BuildingA_Floor1,TypeB
1032,2025-04-07 10:27:47,31.8,48.38,BuildingB_Floor1,TypeC
1016,2025-04-07 12:40:26,19.08,69.21,BuildingA_Floor1,TypeB
1045,2025-04-09 17:20:27,18.25,39.81,BuildingA_Floor1,TypeC
1039,2025-04-06 05:13:14,20.88,34.68,BuildingA_Floor2,TypeB
1069,2025-04-08 02:30:13,17.74,37.72,BuildingB_Floor1,TypeA
1028,2025-04-08 18:48:18,19.3,56.04,BuildingA_Floor2,TypeC
1074,2025-04-09 15:06:30,30.68,71.23,BuildingB_Floor2,TypeB
1012,2025-04-10 01:04:08,24.02,34.74,BuildingB_Floor1,TypeC
1058,2025-04-07 14:42:49,33.01,56.75,BuildingB_Floor2,TypeC
1052,2025-04-08 02:43:50,27.04,45.27,BuildingB_Floor1,TypeA
1099,2025-04-09 12:27:07,20.67,77.52,BuildingB_Floor2,TypeB
1095,2025-04-09 00:54:21,32.18,72.96,BuildingA_Floor2,TypeA
1089,2025-04-07 23:26:18,31.25,56.82,BuildingA_Floor1,TypeA
1059,2025-04-06 19:12:44,15.18,45.62,BuildingB_Floor2,TypeC
1048,2025-04-10 04:40:13,17.67,70.16,BuildingA_Floor1,TypeA
1084,2025-04-09 19:50:15,34.6,43.83,BuildingB_Floor2,TypeA
1092,2025-04-07 17:31:35,28.45,58.8,BuildingA_Floor2,TypeC
1042,2025-04-08 19:24:04,17.34,60.03,BuildingB_Floor2,TypeA
1052,2025-04-08 06:37:13,17.6,56.14,BuildingB_Floor1,TypeB
1089,2025-04-06 14:20:12,26.45,30.1,BuildingA_Floor1,TypeB
1089,2025-04-10 01:07:39,25.36,60.12,BuildingA_Floor2,TypeC
1084,2025-04-06 17:46:46,30.55,53.39,BuildingA_Floor1,TypeC
1018,2025-04-09 17:40:19,16.7,72.76,BuildingA_Floor2,TypeB
1001,2025-04-08 15:24:21,29.97,72.45,BuildingB_Floor1,TypeC
1034,2025-04-07 10:02:03,23.14,60.83,BuildingB_Floor1,TypeC
1046,2025-04-07 13:08:35,30.92,77.38,BuildingB_Floor2,TypeB
1076,2025-04-06 15:00:42,21.34,77.22,BuildingB_Floor1,TypeC
1098,2025-04-06 19:58:24,34.33,76.31,BuildingB_Floor2,TypeA
1038,2025-04-06 21:10:53,22.46,30.94,BuildingB_Floor1,TypeB
1047,2025-04-09 02:16:13,18.99,73.66,BuildingB_Floor1,TypeC
1034,2025-04-06 07:10:02,34.51,56.47,BuildingB_Floor1,TypeB
1055,2025-04-06 13:03:50,15.81,31.66,BuildingA_Floor2,TypeB
1046,2025-04-07 15:12:55,27.94,59.49,BuildingB_Floor2,TypeC
1018,2025-04-08 12:35:29,25.48,56.12,BuildingA_Floor2,TypeC
1076,2025-04-08 08:53:16,30.58,45.71,BuildingB_Floor1,TypeB
1015,2025-04-06 00:09:04,16.51,31.39,BuildingA_Floor1,TypeC
1074,2025-04-10 05:03:29,31.9,56.84,BuildingA_Floor2,TypeC
1056,2025-04-06 21:56:37,20.32,45.93,BuildingB_Floor1,TypeA
1060,2025-04-10 07:11:37,18.35,55.12,BuildingA_Floor1,TypeC
1061,2025-04-10 05:31:13,19.22,61.31,BuildingB_Floor1,TypeB
1007,2025-04-07 13:03:34,29.82,74.82,BuildingB_Floor1,TypeB
1075,2025-04-09 10:48:44,20.83,38.66,BuildingA_Floor2,TypeA
1006,2025-04-10 03:33:39,21.77,67.85,BuildingA_Floor1,TypeC
1035,2025-04-09 10:29:47,28.21,63.69,BuildingA_Floor1,TypeB
1093,2025-04-08 11:31:29,15.24,56.75,BuildingA_Floor1,TypeC
1021,2025-04-06 18:40:39,28.26,50.16,BuildingB_Floor2,TypeB
1064,2025-04-09 22:18:20,25.66,50.79,BuildingA_Floor2,TypeC
1009,2025-04-06 17:25:37,20.6,31.86,BuildingB_Floor2,TypeB
1024,2025-04-06 08:31:33,27.26,79.99,BuildingA_Floor1,TypeC
1027,2025-04-10 11:05:51,16.03,43.29,BuildingB_Floor2,TypeB
1054,2025-04-10 15:04:30,29.13,56.66,BuildingB_Floor1,TypeC
1099,2025-04-05 23:49:18,30.77,71.34,BuildingA_Floor1,TypeA
1014,2025-04-06 19:21:01,18.05,56.05,BuildingA_Floor1,TypeB
1092,2025-04-06 19:59:41,31.09,59.12,BuildingA_Floor2,TypeB
1026,2025-04-08 01:48:03,24.78,44.63,BuildingA_Floor2,TypeC
1070,2025-04-05 17:59:12,29.55,55.12,BuildingA_Floor1,TypeB
1093,2025-04-09 13:10:54,29.81,45.88,BuildingA_Floor1,TypeA
1071,2025-04-10 12:44:50,19.59,55.17,BuildingB_Floor1,TypeC
1066,2025-04-06 15:15:39,28.1,72.02,BuildingA_Floor1,TypeA
1096,2025-04-08 16:20:08,18.38,69.81,BuildingB_Floor1,TypeC
1011,2025-04-09 08:03:23,23.46,66.51,BuildingA_Floor1,TypeA
1019,2025-04-07 19:23:13,26.67,55.81,BuildingA_Floor2,TypeA
1055,2025-04-07 12:50:21,16.92,38.19,BuildingA_Floor1,TypeC
1010,2025-04-05 20:20:23,18.48,71.93,BuildingA_Floor2,TypeB
1072,2025-04-07 03:58:25,23.42,68.01,BuildingA_Floor1,TypeB
1055,2025-04-07 20:03:08,15.17,78.91,BuildingB_Floor1,TypeB
1040,2025-04-08 18:47:07,17.98,35.68,BuildingB_Floor2,TypeB
1051,2025-04-09 13:07:30,34.0,47.43,BuildingB_Floor1,TypeC
1011,2025-04-06 09:35:46,25.88,42.47,BuildingA_Floor2,TypeC
1084,2025-04-09 16:34:34,28.24,72.13,BuildingA_Floor1,TypeC
1020,2025-04-07 16:54:55,23.79,64.9,BuildingA_Floor1,TypeB
1075,2025-04-05 20:43:04,25.84,57.02,BuildingB_Floor1,TypeA
1083,2025-04-06 08:09:25,27.32,51.84,BuildingA_Floor1,TypeC
1048,2025-04-06 12:52:19,31.24,37.23,BuildingB_Floor2,TypeA
1048,2025-04-10 15:05:41,21.18,59.11,BuildingA_Floor1,TypeA
1007,2025-04-06 21:09:03,26.37,62.56,BuildingA_Floor1,TypeB
1058,2025-04-10 07:54:29,34.77,67.58,BuildingB_Floor2,TypeA
1030,2025-04-09 03:28:08,30.25,37.0,BuildingA_Floor1,TypeC
1049,2025-04-06 14:38:51,32.67,71.6,BuildingB_Floor2,TypeB
1029,2025-04-09 06:28:31,15.16,71.72,BuildingB_Floor2,TypeA
1058,2025-04-07 01:42:51,15.74,76.4,BuildingA_Floor2,TypeC
1010,2025-04-06 22:40:32,21.16,59.45,BuildingA_Floor2,TypeA
1064,2025-04-08 10:06:02,23.8,55.47,BuildingA_Floor1,TypeC
1094,2025-04-08 23:07:28,16.37,51.5,BuildingA_Floor2,TypeA
1058,2025-04-06 16:45:48,19.59,32.3,BuildingB_Floor1,TypeC
1077,2025-04-05 21:58:21,18.97,34.86,BuildingA_Floor2,TypeC
1086,2025-04-09 20:49:19,16.98,62.79,BuildingB_Floor2,TypeB
1024,2025-04-08 19:02:24,27.67,67.42,BuildingA_Floor2,TypeB
1050,2025-04-07 09:36:05,18.12,36.46,BuildingB_Floor2,TypeB
1012,2025-04-08 23:53:08,28.18,74.73,BuildingB_Floor2,TypeA
1096,2025-04-09 12:08:06,33.39,53.07,BuildingB_Floor2,TypeB
1002,2025-04-09 15:14:33,34.61,34.64,BuildingA_Floor1,TypeB
1065,2025-04-10 04:54:47,28.93,39.28,BuildingA_Floor2,TypeA
1028,2025-04-09 10:36:34,32.8,32.39,BuildingB_Floor1,TypeC
1057,2025-04-08 09:46:41,24.76,30.41,BuildingB_Floor1,TypeA
1050,2025-04-08 02:31:46,32.97,77.99,BuildingB_Floor2,TypeB
1056,2025-04-09 01:12:58,18.07,74.61,BuildingB_Floor1,TypeB
1049,2025-04-05 22:40:59,23.25,49.13,BuildingA_Floor2,TypeC
1022,2025-04-06 17:08:17,23.47,62.54,BuildingB_Floor2,TypeB
1013,2025-04-08 14:06:02,25.54,51.33,BuildingB_Floor2,TypeA
1029,2025-04-09 22:16:27,30.03,63.75,BuildingA_Floor1,TypeA
1038,2025-04-09 15:15:31,32.15,67.32,BuildingB_Floor2,TypeC
1005,2025-04-09 14:31:19,15.3,61.79,BuildingA_Floor2,TypeB
1088,2025-04-10 00:15:56,16.25,67.56,BuildingA_Floor2,TypeC
1088,2025-04-09 18:04:19,29.99,51.16,BuildingB_Floor1,TypeB
1035,2025-04-08 17:06:18,20.52,47.05,BuildingB_Floor2,TypeC
1031,2025-04-08 14:55:19,26.45,51.93,BuildingB_Floor1,TypeA
1059,2025-04-05 20:46:30,15.38,33.79,BuildingB_Floor2,TypeC
1030,2025-04-09 04:11:07,22.12,46.96,BuildingB_Floor1,TypeC
1011,2025-04-08 00:45:31,30.08,63.78,BuildingB_Floor1,TypeC
1074,2025-04-07 01:58:52,33.27,71.46,BuildingA_Floor1,TypeB
1002,2025-04-05 19:18:55,21.17,46.62,BuildingA_Floor1,TypeB
1057,2025-04-06 10:22:31,25.52,57.26,BuildingA_Floor2,TypeB
1078,2025-04-08 07:45:59,32.66,46.3,BuildingB_Floor2,TypeA
1072,2025-04-07 04:55:34,28.59,74.58,BuildingA_Floor1,TypeA
1038,2025-04-07 18:45:44,23.73,58.66,BuildingA_Floor1,TypeC
1026,2025-04-05 23:34:06,22.75,62.68,BuildingB_Floor2,TypeA
1046,2025-04-08 03:26:12,31.14,30.56,BuildingA_Floor2,TypeB
1064,2025-04-10 12:39:51,16.92,36.72,BuildingB_Floor1,TypeB
1067,2025-04-07 14:10:02,31.56,58.04,BuildingA_Floor2,TypeA
1092,2025-04-10 11:57:12,15.36,31.61,BuildingB_Floor2,TypeC
1018,2025-04-08 17:49:56,27.74,53.36,BuildingB_Floor1,TypeC
1065,2025-04-07 10:36:00,33.21,48.18,BuildingA_Floor2,TypeC
1085,2025-04-06 01:27:40,27.9,34.44,BuildingA_Floor2,TypeC
1099,2025-04-07 03:39:23,23.08,37.42,BuildingA_Floor2,TypeA
1072,2025-04-10 03:02:04,17.38,52.59,BuildingB_Floor1,TypeB
1073,2025-04-09 16:35:32,32.34,64.23,BuildingB_Floor2,TypeB
1012,2025-04-08 02:53:42,23.17,65.58,BuildingA_Floor2,TypeC
1068,2025-04-06 05:56:23,15.52,58.22,BuildingB_Floor1,TypeB
1042,2025-04-09 15:45:31,15.29,68.81,BuildingA_Floor2,TypeC
1018,2025-04-09 22:37:16,21.3,61.05,BuildingA_Floor2,TypeB
1045,2025-04-09 21:19:47,29.68,77.53,BuildingA_Floor2,TypeB
1018,2025-04-08 09:25:36,24.68,65.89,BuildingA_Floor2,TypeC
1024,2025-04-10 01:48:21,20.24,79.67,BuildingA_Floor1,TypeB
1056,2025-04-05 21:49:27,31.56,73.71,BuildingB_Floor1,TypeA
1065,2025-04-05 23:35:08,28.28,68.94,BuildingA_Floor1,TypeA
1049,2025-04-09 22:37:21,27.87,59.62,BuildingB_Floor2,TypeC
1026,2025-04-07 05:59:58,32.55,73.2,BuildingB_Floor2,TypeB
1014,2025-04-10 02:26:11,24.88,46.86,BuildingA_Floor2,TypeB
1040,2025-04-09 14:49:00,18.46,33.42,BuildingA_Floor2,TypeB
1054,2025-04-08 20:17:15,15.06,35.39,BuildingB_Floor2,TypeC
1012,2025-04-06 04:58:07,24.28,46.11,BuildingA_Floor2,TypeB
1057,2025-04-07 12:11:11,25.25,52.21,BuildingB_Floor1,TypeA
1086,2025-04-07 20:33:06,25.78,71.88,BuildingA_Floor2,TypeB
1088,2025-04-07 07:04:04,30.46,32.94,BuildingB_Floor2,TypeC
1019,2025-04-08 12:38:41,21.76,75.15,BuildingB_Floor1,TypeA
1073,2025-04-06 19:59:13,25.62,72.58,BuildingA_Floor2,TypeC
1040,2025-04-07 03:05:04,17.39,31.55,BuildingA_Floor2,TypeA
1060,2025-04-06 14:33:07,33.22,57.49,BuildingB_Floor2,TypeB
1032,2025-04-07 19:16:05,29.72,65.38,BuildingB_Floor1,TypeC
1072,2025-04-07 02:00:12,31.95,76.91,BuildingA_Floor2,TypeC
1100,2025-04-06 11:53:20,30.89,67.06,BuildingA_Floor1,TypeA
1023,2025-04-09 20:45:37,19.21,40.6,BuildingA_Floor1,TypeA
1022,2025-04-07 14:16:11,20.19,72.63,BuildingA_Floor1,TypeB
1087,2025-04-06 11:25:13,32.97,75.24,BuildingB_Floor1,TypeA
1037,2025-04-10 12:18:40,26.98,46.93,BuildingB_Floor2,TypeC
1037,2025-04-07 05:07:26,15.75,68.84,BuildingB_Floor2,TypeC
1035,2025-04-07 03:33:41,21.63,30.0,BuildingA_Floor2,TypeB
1013,2025-04-07 20:18:17,22.1,43.15,BuildingA_Floor2,TypeA
1059,2025-04-06 08:44:32,26.95,46.91,BuildingA_Floor2,TypeB
1079,2025-04-07 06:05:15,28.5,62.04,BuildingA_Floor2,TypeB
1095,2025-04-07 09:19:33,34.17,78.6,BuildingA_Floor2,TypeA
1049,2025-04-06 13:03:30,16.97,74.7,BuildingA_Floor1,TypeA
1099,2025-04-09 10:38:48,23.36,44.61,BuildingB_Floor2,TypeA
1001,2025-04-10 04:57:30,18.3,77.39,BuildingA_Floor1,TypeB
1037,2025-04-07 14:40:14,22.45,48.72,BuildingA_Floor2,TypeC
1090,2025-04-07 08:42:49,34.88,63.28,BuildingA_Floor1,TypeC
1038,2025-04-09 23:13:50,21.53,43.5,BuildingB_Floor1,TypeB
1040,2025-04-07 05:27:50,25.89,45.72,BuildingA_Floor1,TypeA
1040,2025-04-07 08:25:22,29.96,54.27,BuildingA_Floor2,TypeC
1035,2025-04-09 18:53:23,21.83,46.85,BuildingA_Floor1,TypeA
1040,2025-04-06 20:46:39,29.1,32.97,BuildingA_Floor1,TypeC
1029,2025-04-08 09:31:58,31.11,32.54,BuildingB_Floor2,TypeA
1039,2025-04-06 08:36:53,17.49,41.61,BuildingB_Floor2,TypeB
1094,2025-04-05 19:16:53,31.62,62.15,BuildingA_Floor1,TypeB
1081,2025-04-10 04:51:58,19.42,77.9,BuildingA_Floor1,TypeA
1091,2025-04-06 04:20:13,33.16,55.25,BuildingA_Floor2,TypeB
1026,2025-04-06 14:03:29,15.63,38.63,BuildingA_Floor2,TypeA
1034,2025-04-09 21:54:04,29.41,40.83,BuildingB_Floor1,TypeC
1039,2025-04-10 14:30:54,27.74,42.15,BuildingB_Floor2,TypeB
1082,2025-04-07 15:07:33,23.9,59.11,BuildingA_Floor2,TypeB
1078,2025-04-09 11:18:59,27.34,44.07,BuildingA_Floor2,TypeA
1020,2025-04-09 20:55:34,22.76,72.86,BuildingA_Floor2,TypeA
1055,2025-04-10 08:38:50,24.14,39.67,BuildingB_Floor1,TypeC
1087,2025-04-08 22:14:26,19.22,72.14,BuildingA_Floor1,TypeC
1004,2025-04-10 04:33:20,33.35,48.94,BuildingA_Floor1,TypeA
1098,2025-04-07 01:57:53,18.52,58.68,BuildingB_Floor2,TypeB
1069,2025-04-07 04:09:11,28.83,59.86,BuildingA_Floor2,TypeB
1002,2025-04-06 18:05:36,27.0,54.89,BuildingA_Floor1,TypeA
1058,2025-04-06 01:18:13,18.27,41.59,BuildingA_Floor2,TypeB
1033,2025-04-07 17:30:59,15.76,38.54,BuildingA_Floor1,TypeC
1008,2025-04-09 14:06:57,27.9,74.89,BuildingB_Floor1,TypeB
1011,2025-04-09 18:33:15,21.44,56.98,BuildingA_Floor2,TypeA
1028,2025-04-06 19:14:00,22.17,37.18,BuildingA_Floor1,TypeB
1003,2025-04-10 14:05:02,32.33,68.56,BuildingB_Floor1,TypeB
1067,2025-04-08 17:31:34,19.01,50.82,BuildingB_Floor2,TypeB
1092,2025-04-09 21:35:10,34.05,74.03,BuildingB_Floor2,TypeC
1084,2025-04-05 17:01:35,23.3,54.56,BuildingB_Floor2,TypeA
1088,2025-04-09 22:10:41,18.72,38.86,BuildingB_Floor2,TypeC
1073,2025-04-08 03:14:48,24.55,54.46,BuildingA_Floor2,TypeC
1058,2025-04-08 22:51:43,28.05,48.77,BuildingB_Floor1,TypeA
1060,2025-04-09 04:08:49,30.98,59.05,BuildingA_Floor1,TypeA
1006,2025-04-09 15:04:01,31.76,45.7,BuildingB_Floor2,TypeA
1085,2025-04-09 14:54:29,22.23,52.07,BuildingB_Floor2,TypeA
1032,2025-04-09 21:40:22,17.61,45.56,BuildingA_Floor2,TypeC
1087,2025-04-06 16:38:12,20.43,39.52,BuildingB_Floor1,TypeB
1091,2025-04-07 14:48:24,30.13,66.29,BuildingB_Floor2,TypeC
1048,2025-04-08 22:12:13,34.76,51.23,BuildingA_Floor1,TypeB
1066,2025-04-07 09:11:39,28.41,70.71,BuildingA_Floor1,TypeA
1071,2025-04-05 21:48:58,29.87,46.72,BuildingB_Floor1,TypeC
1059,2025-04-06 06:47:50,18.41,64.16,BuildingB_Floor2,TypeA
1062,2025-04-07 02:27:26,20.43,32.8,BuildingB_Floor2,TypeB
1097,2025-04-07 01:02:46,24.14,75.34,BuildingB_Floor1,TypeB
1091,2025-04-09 18:42:39,23.13,31.97,BuildingB_Floor2,TypeB
1036,2025-04-09 15:02:14,15.49,36.22,BuildingB_Floor2,TypeA
1016,2025-04-08 03:56:01,29.56,77.67,BuildingB_Floor1,TypeB
1029,2025-04-06 02:55:39,24.0,49.09,BuildingA_Floor1,TypeB
1068,2025-04-09 23:04:46,24.55,55.1,BuildingB_Floor2,TypeA
1041,2025-04-07 22:26:10,27.02,51.67,BuildingA_Floor1,TypeA
1064,2025-04-08 11:42:28,31.24,61.2,BuildingA_Floor1,TypeB
